CODGEO,SUPERF,P20_RP,MED20,TP6020,P20_EMPLT,ETOQ21
75056,105.4,1131609.63286791,28790,"15,0",1865785.46538467,12258.0
77001,12.6,476.0,29170,s,172.513677302822,6.0
77002,20.06,324.924557230716,24800,s,267.492744937779,6.0
77003,12.3,149.428417786494,27690,s,44.6930619725333,3.0
77004,8.08,125.774461276594,27420,s,39.9906071732676,2.0
77005,13.19,1272.53393088847,27940,s,528.869762211797,8.0
77006,15.08,383.452860164114,30530,s,247.424582659352,7.0
77007,2.57,140.574274579012,27730,s,24.2808531557898,1.0
77008,7.27,365.863457123458,20340,s,44.81301277189,2.0
77009,11.31,51.6,23030,s,36.7225526282225,1.0
77010,26.83,350.173790246063,26350,s,143.58720719009,3.0
77011,17.74,207.0,24970,s,82.2792453017925,2.0
77012,13.49,118.112952269906,25310,s,27.8799380024507,2.0
77013,14.25,144.0,27690,s,107.782479724355,4.0
77014,3.83,6720.14273578031,23840,"14,0",3903.29912119123,44.0
77015,4.12,41.0714285714286,s,s,7.14285714285714,1.0
77016,5.26,720.015236359222,21360,s,729.291555823028,4.0
77018,8.72,2786.67255371635,26200,"9,0",2371.81848974928,24.0
77019,13.22,133.151850833528,23940,s,41.9558089672976,2.0
77020,19.41,241.487164045359,25970,s,65.4646722395931,2.0
77021,4.32,64.8421052631579,25100,s,11.8178304492956,1.0
77022,5.27,602.0,33450,s,332.811328648494,8.0
77023,6.95,129.471991213946,25410,s,22.2559074918894,2.0
77024,17.46,152.408319722325,24580,s,39.1254748258624,2.0
77025,22.68,362.861413803379,22950,s,86.1937000277629,4.0
77026,27.96,139.057998424988,22910,s,51.7760131794545,3.0
77027,16.59,433.485722882147,22480,s,198.101860140129,3.0
77029,3.94,83.0,23870,s,10.0614068901471,1.0
77030,16.36,298.697562233584,22780,s,121.55326810996,4.0
77031,16.92,358.0,26590,s,78.9575809591011,2.0
77032,18.32,369.591237845721,22250,s,152.845439930081,4.0
77033,2.66,79.2765957446808,24870,s,27.7368026902531,2.0
77034,13.99,320.138431289774,28040,s,167.365822519522,2.0
77035,20.29,220.875968222932,24920,s,60.6542378939324,3.0
77036,4.3,50.3759398496241,24880,s,11.0412082242569,1.0
77037,6.91,2394.14643139083,32440,"5,0",1470.37587851796,18.0
77038,1.54,165.0,33240,s,73.7222195244679,2.0
77039,7.8,397.856855605046,30950,s,226.766747610018,5.0
77040,7.09,1370.77943166833,28910,s,693.803831871638,7.0
77041,16.4,123.777292954659,30170,s,37.2682277651529,1.0
77042,9.95,1268.0,24910,"6,0",324.603492331453,5.0
77043,5.14,135.0,24790,s,18.9625083331729,3.0
77044,15.0,347.447264243503,27070,s,122.336498212701,4.0
77045,16.31,278.70990170286,23860,s,98.7970619434563,3.0
77046,6.44,156.200492719531,25510,s,23.6059758537809,1.0
77047,8.25,647.0,26960,s,123.841531828453,2.0
77048,11.26,1183.0,28440,s,631.132828711201,10.0
77049,9.88,346.696976912724,28750,s,114.387212305836,4.0
77050,13.85,214.0,24480,s,48.0334520930774,2.0
77051,2.15,988.493572266408,20400,"17,0",1227.89069943431,19.0
77052,1.35,134.350152438519,26180,s,52.224241060494,1.0
77053,19.93,8322.18936843589,24260,"10,0",8607.60522144106,51.0
77054,12.0,290.159142079055,23860,s,89.4065237530307,4.0
77055,4.28,2019.75818527385,22400,"11,0",855.442224197616,26.0
77056,7.03,67.0872483221477,22280,s,10.8717271315242,1.0
77057,8.81,180.994836274132,22110,s,34.989395725959,2.0
77058,13.39,10893.1827096087,25670,"12,0",9539.21303250697,80.0
77059,2.64,268.965193746681,34200,s,901.509518018502,5.0
77060,19.67,329.785063687173,25700,s,130.855506202162,3.0
77061,8.63,988.19993674184,23700,s,762.545409427577,5.0
77062,1.61,193.980044380031,28770,s,64.2550516469325,1.0
77063,7.26,509.0,25960,s,91.4001850677158,2.0
77065,6.19,504.758272226844,30020,s,227.423292869896,5.0
77066,22.1,122.153515480661,22310,s,51.358398340843,1.0
77067,6.98,4241.65752092259,26440,"7,0",3046.84936639622,32.0
77068,5.26,102.983402769832,25880,s,25.3039959944772,2.0
77069,13.08,874.0,26790,s,468.482520157469,6.0
77070,17.36,565.0,23520,s,288.862893106361,4.0
77071,23.92,344.0,24410,s,105.327633353855,3.0
77072,18.33,260.145399313946,22240,s,59.6290849745858,3.0
77073,9.37,234.942243461484,25880,s,67.2003311741111,3.0
77075,2.42,547.143586497117,28320,s,116.259567362879,3.0
77076,10.04,289.0,22410,s,183.328083198308,5.0
77077,9.75,425.678461148149,25330,s,83.3839265172823,3.0
77078,14.22,497.137737643174,24280,s,211.387560706023,5.0
77079,7.28,2775.0063006712,20610,"16,0",1077.28309233163,17.0
77080,12.46,77.3928571428571,24080,s,35.7747966084426,2.0
77081,3.97,276.756391001809,26050,s,135.324284485431,2.0
77082,13.05,345.0,26600,s,144.620979394164,9.0
77083,7.35,10464.2382940937,23280,"15,0",9905.53672626468,80.0
77084,6.98,480.111763262109,25680,s,94.7428125085044,2.0
77085,3.18,1448.0,27020,"8,0",1565.62869892507,11.0
77086,17.36,556.780187575712,24520,s,122.164107772121,2.0
77087,8.73,67.6492146596859,28170,s,18.0021085239247,2.0
77088,15.91,949.419445787095,23560,s,808.753064403831,15.0
77089,15.44,348.692084707199,27070,s,51.0056009584502,2.0
77090,6.37,83.9506172839506,24170,s,16.7875912120435,1.0
77091,6.42,160.005778696293,28610,s,76.8764393448984,5.0
77093,18.9,175.060480882843,21010,s,47.0594724806759,1.0
77094,4.67,110.181073795993,26740,s,78.3132493114436,2.0
77095,12.54,561.478911178664,27600,s,393.619095236302,7.0
77096,10.1,1048.23081426844,30220,s,541.566360373636,8.0
77097,8.2,105.927277172442,23550,s,25.3282197018521,2.0
77098,3.4,140.75024577962,24510,s,17.778689743031,1.0
77099,29.35,1303.07660583601,21410,"13,0",974.453582568056,14.0
77100,22.71,1828.0,26390,"5,0",1343.51146177246,17.0
77101,13.03,408.981303037718,22770,s,96.1108275976401,2.0
77102,4.87,66.3515151515151,24760,s,9.88128022856658,1.0
77103,7.25,86.5740740740741,29250,s,16.7559296858206,2.0
77104,15.13,252.138602264288,29170,s,1081.65463310014,3.0
77106,5.16,399.0,25220,s,85.9172947075631,3.0
77107,20.07,1350.17641760079,25270,"7,0",551.322265182393,9.0
77108,15.9,22370.0384572511,23130,"15,0",13912.3906953767,170.0
77109,48.68,657.692312913009,22320,s,251.523090013647,4.0
77110,13.74,134.0,24010,s,50.7146408517523,3.0
77111,5.74,2665.59987172192,26960,"9,0",14521.5375796797,28.0
77112,8.95,110.515014929659,27350,s,36.4192078590094,1.0
77113,13.94,373.459567234072,22890,s,101.941226632376,2.0
77114,16.75,1489.29884617946,28270,s,971.561527736906,8.0
77115,22.81,223.0,23650,s,37.0130612049807,3.0
77116,25.03,528.170446013038,24030,s,227.319424448316,4.0
77117,5.04,344.295467830456,22350,s,64.8597889787369,2.0
77118,15.07,5093.79746119595,26810,"7,0",5255.03176773575,37.0
77119,5.97,100.145026342477,23820,s,23.4666303231997,2.0
77120,8.27,228.81395769705,23000,s,37.5602453215239,3.0
77121,4.27,1258.0,25710,"8,0",3224.14818216633,5.0
77122,14.48,8848.7387184907,24130,"12,0",5418.86406407948,58.0
77123,5.3,245.918548643158,24680,s,1406.30222796803,2.0
77124,1.52,652.55588737084,30870,s,226.529669546112,7.0
77125,2.15,568.401829024348,29220,s,92.3732294096317,5.0
77126,15.12,630.524866727756,25380,s,301.846802940918,6.0
77127,8.36,669.057090803989,26000,s,1306.8243415795,11.0
77128,4.75,774.456512953726,28320,s,523.841928269523,7.0
77129,22.41,223.787281416575,23500,s,63.0124390542161,1.0
77130,3.68,194.0,25890,s,51.8288590655375,3.0
77131,10.93,6966.55473100798,20290,"18,0",7809.71889339951,93.0
77132,8.09,1083.05504942174,29760,s,1732.8660640951,9.0
77133,10.79,84.6796116504854,25240,s,26.6604580917465,0.0
77134,12.41,58.1632653061224,24740,s,12.2287138192754,2.0
77135,14.56,520.048937507885,25290,s,141.903703653152,6.0
77136,7.82,76.78125,32840,s,17.8418167889212,2.0
77137,11.88,90.8936170212766,20700,s,44.9904143743194,1.0
77138,4.62,211.361240470941,26580,s,113.613479029197,3.0
77139,4.16,2372.95063721407,26460,"8,0",1064.78845942419,11.0
77140,6.23,110.0,25640,s,22.024797417016,2.0
77141,7.08,428.0,26510,s,213.254579171512,2.0
77142,15.78,2080.72271915309,26260,"6,0",1195.84189801821,14.0
77143,3.64,1872.62258115749,24450,"9,0",643.090755018244,9.0
77144,9.19,145.923442590127,27170,s,29.4892968102954,3.0
77145,12.87,243.661032928749,27570,s,58.9743157988387,3.0
77146,11.63,825.792359028423,29740,s,6121.23863712297,10.0
77147,29.43,273.621792808338,23840,s,60.2560569340502,3.0
77148,19.42,684.455776761989,23340,s,235.531647705059,8.0
77150,3.33,168.711163805906,25400,s,52.1923193781529,2.0
77151,7.89,121.991651667818,25360,s,43.0203457889769,2.0
77152,10.24,9228.81466758088,20150,"21,0",6348.38578693584,67.0
77153,8.97,4162.03661305225,25150,"7,0",2154.87416322518,32.0
77154,9.04,427.0,26560,s,132.341008397596,4.0
77155,5.92,1323.9191299767,26310,"8,0",284.589595796858,7.0
77156,7.83,375.030052529967,24040,s,304.127877982713,2.0
77157,8.14,124.0,24130,s,28.9989244380155,4.0
77158,10.94,89.9035532994924,23410,s,25.3269235143001,1.0
77159,12.07,1145.40546365049,22380,"10,0",599.91029668835,15.0
77161,13.02,320.885726951262,26680,s,113.327216492865,3.0
77162,20.05,419.327691735046,25020,s,95.1291411822281,4.0
77163,7.97,124.534424920419,24880,s,30.9872318346409,2.0
77164,20.91,216.686990064325,24700,s,51.5406452158034,2.0
77165,18.54,242.391877315854,27440,s,83.7765145064263,2.0
77167,16.58,129.407987232081,23790,s,38.4900402327345,2.0
77168,31.84,893.21356504216,22360,"13,0",387.783658515706,7.0
77169,5.46,2943.46539447339,25810,"9,0",4332.68644927302,28.0
77171,3.12,2600.60031545442,26850,"8,0",1103.14338075469,24.0
77172,17.83,363.621576051007,23960,s,168.480784910134,3.0
77173,13.18,309.0,25210,s,54.0161119295777,4.0
77174,8.76,237.0,23500,s,42.5622766290104,3.0
77175,19.12,1090.93300318188,28300,s,525.333391551514,4.0
77176,10.93,1127.66967086061,24370,"7,0",633.314881359044,8.0
77177,28.27,485.733074615069,28320,s,108.764119151671,2.0
77178,7.78,200.773904228572,25310,s,57.5555670187237,1.0
77179,9.33,242.0,28950,s,76.822229904655,3.0
77180,12.76,430.22545412359,33650,s,797.995641874245,7.0
77181,6.75,1612.95204784785,28250,s,3241.56022151281,8.0
77182,17.32,2057.7121165218,18730,"23,0",1902.18737299416,22.0
77183,10.06,4148.48563463106,20650,"17,0",2710.44645459347,40.0
77184,7.21,248.0,25670,s,43.1391515209363,2.0
77185,13.87,259.65210028412,31960,s,86.114208243733,4.0
77186,172.05,7993.46416322205,26350,"13,0",10005.1925828562,116.0
77187,11.84,224.839736778819,20980,s,133.7548601412,2.0
77188,7.89,432.939211869741,31180,s,124.190506791865,3.0
77190,14.36,107.940973473737,25290,s,40.0081699944735,1.0
77191,27.44,413.684315739742,26530,s,110.128929442804,2.0
77192,22.12,2332.36376039617,24130,"8,0",2101.69439395669,17.0
77193,5.8,85.0,28770,s,27.8131865207716,1.0
77194,13.32,155.161534566647,23450,s,60.1836866293276,5.0
77195,7.81,215.494948778865,28100,s,59.721627646304,2.0
77196,7.46,341.207140378123,27630,s,97.2932712649159,3.0
77197,6.43,59.0,24510,s,21.7464504076708,1.0
77198,10.72,99.5434782608696,24360,s,23.9731672809627,3.0
77199,5.48,518.601988846132,24440,s,91.080629195184,2.0
77200,6.35,48.3793103448276,27520,s,16.9100628675872,1.0
77201,14.95,272.574386393844,25440,s,101.412550328898,3.0
77202,13.16,311.0,25510,s,147.482665948976,1.0
77203,11.76,526.0,28870,s,71.2968175331287,3.0
77204,6.53,78.6238095238095,23270,s,39.4626473412978,3.0
77205,4.23,46.3691275167785,30100,s,7.98624600451773,0.0
77206,6.01,65.4536146468591,27160,s,17.3896304040672,1.0
77207,13.71,60.8,23930,s,33.5476308655341,1.0
77208,14.64,562.0,22450,s,201.227850018542,3.0
77209,2.72,470.0,32020,s,132.81780484814,4.0
77210,29.07,1106.9980728577,23400,"8,0",407.920501226851,9.0
77211,24.5,406.667453384983,24310,s,711.844557175541,3.0
77212,7.55,77.0545454545455,27380,s,16.7579793672267,1.0
77214,3.34,323.112265408516,33540,s,98.8816775325045,4.0
77215,13.51,3377.43910332623,23710,"12,0",2978.86959653982,18.0
77216,12.97,584.42370695635,25940,s,210.552372174627,4.0
77217,18.34,985.013683138653,28110,s,432.208818013529,6.0
77218,6.57,47.6531830198157,21710,s,21.7838529931572,2.0
77219,19.8,1022.87251968194,27610,s,233.225940666855,8.0
77220,9.21,108.0,26360,s,35.791802821588,2.0
77221,1.26,446.085363987436,32580,s,164.416997009754,3.0
77222,5.68,1638.52649400167,23880,"7,0",616.811404414837,8.0
77223,12.59,221.02222508857,24940,s,115.967370347028,2.0
77224,9.8,65.6404384923688,28360,s,323.434708314406,5.0
77225,12.96,113.0,25070,s,44.049032698632,2.0
77226,10.68,1056.0,28790,s,333.050150355455,8.0
77227,15.9,250.974809343897,23130,s,123.855542576618,3.0
77228,5.53,107.035680915353,21320,s,21.1735711231281,2.0
77229,12.43,618.732655750705,27910,s,537.350407360005,3.0
77230,7.8,64.578313253012,24420,s,19.4528660130043,1.0
77231,6.94,284.953570714333,22960,s,103.266145422641,4.0
77232,6.97,372.110782893023,28160,s,208.947067610659,5.0
77233,1.76,213.834589521644,24870,s,41.3143281232401,2.0
77234,8.04,245.81142439245,28960,s,109.342748830702,4.0
77235,10.11,126.185130052172,23920,s,27.1306782256092,1.0
77236,15.84,144.052989829083,24660,s,21.9743796620329,2.0
77237,9.62,246.0,26050,s,2263.77456046186,6.0
77238,42.19,1518.41714472153,22830,"8,0",912.239728464267,12.0
77239,37.68,578.527611263649,23950,s,262.976819719812,4.0
77240,18.45,881.0,22140,"13,0",298.715957429155,3.0
77241,7.77,685.0,25700,s,371.134355393302,11.0
77242,4.6,234.937330424315,21420,s,61.0054514403117,2.0
77243,5.72,9569.39221536139,24640,"12,0",7365.67771159455,78.0
77244,29.24,313.485068716014,26210,s,108.780449558799,3.0
77245,20.29,172.569141580804,24700,s,51.3038256349646,1.0
77246,22.05,224.0,21780,s,45.794770239664,2.0
77247,11.01,178.946058623809,24350,s,29.2008984358908,1.0
77248,4.03,269.705580315508,30960,s,95.0095188836509,4.0
77249,10.13,2754.68801575057,30460,"5,0",955.541448326689,19.0
77250,4.24,59.5389221556886,24320,s,21.556208090026,1.0
77251,11.97,5316.97584442782,23590,"12,0",10133.7407486401,47.0
77252,7.96,185.149160362937,26820,s,371.121716878556,5.0
77253,6.85,108.092249332393,27550,s,32.506654660563,2.0
77254,9.12,489.389092534292,29080,s,108.004215066624,4.0
77255,4.97,937.741197402017,27090,s,172.445286384721,5.0
77256,5.77,70.7567567567567,23040,s,21.22671093336,2.0
77257,11.16,1448.28935741077,18560,"24,0",1166.92315921858,15.0
77258,3.37,5798.58118375422,21960,"16,0",8872.08257993675,47.0
77259,4.63,952.512278619561,24890,s,442.186995261588,6.0
77260,5.61,707.0,19600,s,332.058162135123,7.0
77261,19.9,527.926380646598,22450,s,283.977281486831,8.0
77262,38.05,211.0,22730,s,90.6164328968861,2.0
77263,5.04,87.0,21890,s,18.0846596663721,2.0
77264,36.3,573.067854859337,26480,s,177.738976817353,3.0
77265,6.58,439.103745098728,23850,s,174.283581197514,4.0
77266,16.28,302.307309912731,27010,s,64.2644341135357,2.0
77267,6.16,159.992449720509,25100,s,17.9796306988028,2.0
77268,4.66,3444.64541094096,28440,"7,0",2016.85881796894,19.0
77269,10.19,731.0,28000,s,242.628393514128,5.0
77270,13.57,346.164985786803,26820,s,159.562246464991,5.0
77271,8.58,57.2537313432836,23330,s,6.13432835820895,1.0
77272,13.91,321.483710187044,23890,s,98.2644610767259,3.0
77273,7.04,202.907726430915,26550,s,42.6699860461972,2.0
77274,6.93,184.707332650303,25010,s,28.7125243717748,2.0
77275,5.38,52.4547117207629,23890,s,14.0134913025383,1.0
77276,7.17,1172.0,25610,"10,0",2118.17569157172,27.0
77277,12.78,647.203237836168,26040,s,223.239797267946,5.0
77278,9.05,154.0,23790,s,83.2767866803679,2.0
77279,20.19,666.668479148903,23890,s,704.494287222673,5.0
77280,2.22,452.01839251999,25030,s,464.903515786421,5.0
77281,1.97,197.713501112475,26340,s,38.9412955390452,3.0
77282,8.67,138.0,23420,s,248.192829836384,3.0
77283,19.15,318.620654610037,24060,s,74.7400872857403,4.0
77284,14.98,23384.7881407018,19590,"22,0",22796.3424456428,225.0
77285,5.34,7849.17218351622,18940,"22,0",3078.59166922454,43.0
77286,7.76,89.6120689655172,26580,s,16.9707946602911,2.0
77287,7.77,198.947539797902,21440,s,36.7257503183114,2.0
77288,8.04,17824.3518922218,19000,"24,0",25460.7849774733,266.0
77289,18.5,149.958761374577,23910,s,35.8658086884614,2.0
77290,5.77,257.557237212617,23830,s,76.0809071325129,4.0
77291,9.84,330.619286011062,23600,s,5094.2988957623,4.0
77292,10.32,448.956168821064,28970,s,110.40175002727,2.0
77293,6.25,383.0,24000,s,86.5853368033297,1.0
77294,29.95,7417.03918662819,22260,"14,0",9705.05610683629,52.0
77295,8.72,528.711387683055,28610,s,130.300308932904,5.0
77296,14.28,6594.04816759173,22210,"15,0",10328.6121658816,35.0
77297,20.27,133.770290061867,25220,s,50.8063539288613,1.0
77298,6.23,187.865925599079,24620,s,40.0655824607954,3.0
77300,4.72,243.451696242266,27350,s,45.9792522451418,2.0
77301,15.35,129.806303884769,22430,s,37.8875713428513,1.0
77302,8.17,818.738959593384,26400,s,212.233187092064,2.0
77303,9.84,93.0,23250,s,22.1254104698581,2.0
77304,5.3,12.0,s,s,7.01056496037278,1.0
77305,9.1,8071.71668958482,16080,"35,0",8897.5231506352,76.0
77306,11.29,193.0,29620,s,1129.31551215353,6.0
77307,5.44,6225.15773722188,26070,"9,0",5087.00702764375,38.0
77308,11.56,284.0,27340,s,52.8424860009189,2.0
77309,12.11,638.329287151517,25700,s,354.586389684745,7.0
77310,7.89,128.046703519198,24770,s,11.8128571017885,1.0
77311,20.37,534.41149091189,24960,s,115.559296505721,4.0
77312,9.2,1177.95178042193,27930,s,393.578336270455,10.0
77313,4.43,100.020325203252,26100,s,20.7190752185597,0.0
77314,16.37,87.3655462184874,22760,s,35.4924507772053,2.0
77315,2.86,1487.20921526031,27790,"6,0",526.359992192457,7.0
77316,33.4,5503.93900704116,25920,"6,0",3624.04079935404,43.0
77317,16.6,1951.0,22500,"11,0",1607.17645110569,15.0
77318,17.84,542.0,26890,s,219.34228622758,5.0
77319,13.2,58.9251700680272,22410,s,3.97162344659277,1.0
77320,16.77,2208.28223076248,24270,"7,0",870.836355959734,13.0
77321,8.67,278.456706720747,22020,s,126.780581608409,2.0
77322,14.81,1237.0,26940,s,1449.47956871183,7.0
77323,7.19,540.013642979528,25910,s,550.825468160252,2.0
77325,8.62,161.980290261117,22400,s,82.2064686745148,2.0
77326,8.56,2188.63289593489,23650,"12,0",751.023027912114,11.0
77327,24.16,3494.9443171638,19390,"21,0",2972.90576130498,29.0
77328,12.92,202.747890824282,26680,s,31.1451521116081,1.0
77329,13.25,235.612509512953,26790,s,354.052167861252,4.0
77330,7.62,2559.19013609265,24730,"8,0",1606.37278820422,16.0
77331,1.25,189.0,21660,s,25.3023126162411,2.0
77332,5.15,108.0,26620,s,16.0425777112054,1.0
77333,10.83,5655.87653782945,18950,"22,0",6665.83529980725,75.0
77335,17.39,893.280443016177,25450,s,1003.60353485608,9.0
77336,15.9,404.483791866482,27490,s,414.339203588666,4.0
77337,4.35,6281.34311252032,20760,"20,0",7933.97372074474,48.0
77338,4.16,218.993989179016,24170,s,36.7141388171602,2.0
77339,29.91,783.218546786512,32610,s,224.500493351236,6.0
77340,11.43,250.392814503145,25730,s,79.9083010237008,5.0
77341,12.24,157.524925579406,23570,s,40.2360183911791,1.0
77342,7.08,48.6607142857143,21010,s,23.1346011982892,1.0
77343,10.12,149.787123222017,24780,s,166.089011809935,5.0
77344,15.17,798.577810201306,25940,s,269.297608362886,6.0
77345,5.87,262.0,23800,s,46.1464707391753,4.0
77347,12.22,335.853890141373,23070,s,205.392644637765,3.0
77348,3.81,99.8826598125439,27810,s,141.85088343862,1.0
77349,13.04,2536.20897401678,26540,"6,0",730.7037199216,14.0
77350,15.58,8315.76207870083,26770,"8,0",4921.26933468523,58.0
77352,11.3,707.697036161648,27340,s,215.138060495323,5.0
77353,9.26,192.462814670871,25220,s,51.6367084952329,2.0
77354,10.41,343.356696381147,25740,s,176.659972336288,7.0
77355,4.25,72.6086956521739,24750,s,14.4625573736456,3.0
77356,4.53,20.5434782608696,s,s,12.1283094236028,1.0
77357,21.07,323.0,24940,s,145.658909542119,4.0
77358,4.34,487.0,25920,s,91.986187753483,4.0
77359,12.22,829.287902447744,28430,s,348.844021091231,6.0
77360,8.94,141.33812815455,25620,s,40.3991940554869,2.0
77361,12.93,178.858817101437,24450,s,65.7255330887135,2.0
77363,6.7,641.118061465058,27200,s,430.723304255216,4.0
77364,3.41,87.9730769230769,26470,s,14.1012229805283,2.0
77365,5.59,215.02411430061,26880,s,67.3039487550441,4.0
77366,3.53,102.0,26380,s,33.25995678448,3.0
77367,8.2,99.9402985074627,24230,s,22.7108884979794,3.0
77368,6.02,197.0,22090,s,417.370899510278,2.0
77369,6.24,279.989197044601,26810,s,731.100749747719,4.0
77370,27.34,349.576966646489,25190,s,111.608375775583,2.0
77371,12.8,1144.34228071271,24830,"7,0",350.247492902616,3.0
77372,7.17,1797.39478809935,26100,"10,0",534.28949244043,11.0
77373,13.64,14693.8350203702,24550,"11,0",9995.53940036002,102.0
77374,9.46,889.0,27900,s,366.552569917971,4.0
77376,4.81,290.570331801048,27150,s,53.7357536436074,3.0
77377,17.39,864.0,27770,s,597.856584036804,7.0
77378,4.1,1394.78029555956,25090,"7,0",618.449224985046,6.0
77379,14.72,5329.21461130052,18760,"26,0",7306.05996690231,88.0
77380,9.21,122.0,24270,s,37.0541030883723,3.0
77381,11.91,235.922571085942,25600,s,52.9205520119322,2.0
77382,10.33,2115.5455038695,26660,"5,0",1195.48141411205,15.0
77383,23.12,306.906811512184,25660,s,82.2752127259438,2.0
77384,13.32,512.016148778666,24830,s,3319.76639601317,6.0
77385,11.05,904.8329580905,21170,"14,0",798.642056493553,13.0
77386,9.35,275.391751612509,30450,s,71.7113850549963,2.0
77387,10.88,178.129010637615,24120,s,48.6426347625789,2.0
77388,5.92,328.0,25160,s,51.2050692951781,2.0
77389,5.85,1756.77486758741,26970,"11,0",938.975680053196,12.0
77390,13.65,8186.50234896487,23790,"12,0",6352.36893295135,49.0
77391,7.62,194.119168363474,22970,s,30.1244900162789,3.0
77392,4.14,295.0,26030,s,66.6060076185336,2.0
77393,3.17,1141.0876378551,25060,s,1093.27857048894,17.0
77394,3.91,1094.37020419838,24710,"7,0",1462.55669874005,11.0
77395,6.61,55.0,23900,s,14.9299595374406,2.0
77396,6.33,40.8163265306122,23650,s,6.05509103301628,1.0
77397,13.8,758.0,22120,s,230.72996894925,4.0
77398,13.98,307.402408910132,22620,s,76.5282405397615,4.0
77400,10.37,704.719996711965,26470,s,174.42503701711,7.0
77401,8.63,266.633825028481,25180,s,47.9356472276422,2.0
77402,14.99,140.638533405296,22030,s,34.7123324145502,4.0
77403,11.46,320.338215922129,25020,s,188.666240525394,6.0
77404,8.16,709.234452468408,22530,s,207.857509263595,4.0
77405,19.1,793.538867082872,24420,s,236.167967465401,8.0
77406,15.12,375.317073602076,26260,s,85.0066913551562,3.0
77407,16.57,6235.7331166062,24780,"9,0",2684.70777515745,37.0
77408,2.75,179.886113365505,26700,s,15.6376847539618,1.0
77409,8.85,1054.79387454909,22760,"11,0",292.451312486364,4.0
77410,7.18,275.716800804225,28160,s,118.691477089173,5.0
77411,10.01,191.173124297142,25140,s,56.469873705695,3.0
77412,2.53,148.937465579234,26330,s,48.1431009735844,2.0
77413,4.81,1472.48483277567,27020,"5,0",530.036067146643,8.0
77414,19.13,180.506943085758,23850,s,88.3440200894407,2.0
77415,13.26,487.0,25630,s,199.978562124505,6.0
77416,7.36,92.4565846113368,26750,s,21.7721632481571,1.0
77417,9.63,101.805776588119,24700,s,27.0559869369304,1.0
77418,10.95,364.312020657787,24120,s,108.637288601365,2.0
77419,2.24,1385.53451744226,23860,"9,0",426.864488687986,10.0
77420,6.26,1417.0,26380,"6,0",974.84411572936,11.0
77421,19.02,105.0,24690,s,35.4708976897635,1.0
77423,10.42,265.0,22910,s,47.0769057460912,4.0
77424,17.06,101.950802777013,22400,s,26.4932568503099,2.0
77425,7.81,304.0,32060,s,50.965319263505,4.0
77426,9.94,148.626285249352,28440,s,74.8166805799145,2.0
77427,7.69,209.869295961098,28000,s,143.696411816353,2.0
77428,5.69,310.065089697647,26370,s,56.1294951114526,3.0
77429,3.79,206.123902226986,24240,s,20.2789022591095,2.0
77430,5.36,2108.89617308293,26270,"5,0",513.856272794783,8.0
77431,21.62,2323.16321369891,24080,"8,0",1688.80547462923,22.0
77432,15.07,409.866578684427,24490,s,221.428870673186,3.0
77433,38.41,795.46041583523,26340,s,209.908670171077,5.0
77434,6.52,164.758077262653,24840,s,75.2292536637185,1.0
77435,7.32,449.0,31930,s,126.257827913205,3.0
77436,12.27,352.130295266213,24380,s,97.0970720779758,4.0
77437,13.78,1338.55225680021,24240,"6,0",1660.16805532113,9.0
77438,4.7,2337.21558169265,26570,"9,0",3731.44156390153,21.0
77439,10.55,392.622079019232,23530,s,121.110772512631,3.0
77440,6.06,418.427292423851,25460,s,190.242543173085,5.0
77441,6.33,885.46358240219,31510,s,365.157443254427,8.0
77442,5.65,1062.0,28500,s,780.614317823982,5.0
77443,5.48,135.88155305125,26750,s,23.0349465666014,2.0
77444,18.21,122.534922540608,23770,s,35.2467509122026,2.0
77445,11.97,10402.924382135,21580,"15,0",6749.58247959156,70.0
77446,6.6,248.819095617313,23150,s,39.8378985739133,3.0
77447,8.53,753.0,33330,s,333.287265431949,6.0
77448,3.22,197.307477526686,25050,s,443.855762005774,1.0
77449,5.65,3988.01443734252,25160,"11,0",9922.59627724083,50.0
77450,7.4,1319.15686193053,28300,"6,0",1804.6648914156,7.0
77451,13.44,248.681098509043,23830,s,89.7681633712228,3.0
77452,4.73,27.4153846153846,s,s,14.0153709503284,1.0
77453,22.47,438.065702390354,27950,s,323.88392551398,3.0
77454,10.12,147.867025843561,24730,s,32.9579343099841,2.0
77455,10.77,829.0,27490,s,410.367790932522,2.0
77456,11.34,319.328248614662,23130,s,36.3408634143067,2.0
77457,6.28,490.586676176193,25420,s,95.7742349159292,3.0
77458,27.63,2171.53152667727,19770,"19,0",1102.23714577273,20.0
77459,23.33,592.541454481408,22510,s,539.635084934716,8.0
77460,12.21,138.087626858973,25980,s,40.3337009308216,2.0
77461,5.37,115.827092136553,25000,s,21.2964496424844,1.0
77462,12.07,313.894449450383,23730,s,203.753064475135,2.0
77463,3.71,1428.51241119158,28380,s,509.202351372254,12.0
77464,5.17,4403.75316501753,24960,"11,0",1573.79437386595,18.0
77465,16.49,272.0,25010,s,53.584053713376,4.0
77466,6.12,160.596978122658,27740,s,31.2549984119516,2.0
77467,7.84,93.1642512077295,22500,s,14.8207708778453,3.0
77468,6.0,9025.97408946951,21260,"18,0",7623.01539682045,75.0
77469,11.34,468.337224423892,25800,s,92.69791694223,5.0
77470,15.47,3289.0,25780,"9,0",3180.96086375787,57.0
77471,13.24,153.0,26190,s,53.1000561092544,2.0
77472,9.28,188.263365253447,24060,s,35.8175905905369,2.0
77473,14.1,189.596755838809,26290,s,54.991789335384,3.0
77474,7.95,255.93491741419,26290,s,102.549705744123,2.0
77475,10.97,1998.92673102469,24640,"8,0",1098.46774219525,15.0
77476,7.46,89.6610169491525,26510,s,14.9345811598104,2.0
77477,8.21,360.566905564301,27830,s,351.421069082545,3.0
77478,13.93,406.731748634387,24150,s,137.964234016169,2.0
77479,6.02,5576.82954935748,25650,"11,0",2105.93809160637,24.0
77480,11.03,345.926712054804,24220,s,112.811441938426,5.0
77481,7.53,74.7956989247312,26600,s,23.8053357331187,2.0
77482,10.02,1484.0,20710,"14,0",1752.44697754756,13.0
77483,8.0,812.915031837972,25680,s,291.335172578626,6.0
77484,4.68,103.563909774436,26780,s,20.5366481937597,2.0
77485,17.16,307.103586599219,29260,s,82.199808210099,3.0
77486,26.98,329.664772455495,25920,s,112.037122055878,3.0
77487,11.64,4563.60173458484,26460,"6,0",5691.87061000724,46.0
77489,8.47,57.3111841836782,24530,s,59.1600484866446,2.0
77490,17.73,279.664400409347,22910,s,34.7689914155202,3.0
77492,25.6,288.0,23140,s,261.11146958279,2.0
77493,7.81,1187.92993265711,24620,"8,0",849.815184983608,10.0
77494,22.42,1000.99506610546,25700,s,445.324724490562,6.0
77495,16.13,3178.39100596096,24520,"9,0",3171.37189231273,14.0
77496,8.89,75.0,24770,s,23.9253136644011,2.0
77498,3.58,112.39508667015,27740,s,36.4916639765625,1.0
77500,16.45,180.973847632925,24340,s,48.1124539319586,2.0
77501,10.94,306.216870669753,25170,s,101.415775216507,3.0
77504,17.46,433.102131780499,25860,s,95.9131606575472,2.0
77505,10.67,135.954030623239,26280,s,29.8832723283498,2.0
77506,18.54,285.508054769403,26040,s,217.401319287937,3.0
77507,20.81,190.033591809287,22940,s,46.3659381411976,3.0
77508,19.09,743.811789084798,28190,s,388.786409306611,6.0
77509,20.6,250.522780554579,23700,s,41.7906815748009,2.0
77510,7.4,393.61264397283,27380,s,196.99730005433,4.0
77511,7.56,250.189165064919,21390,s,380.400063825602,2.0
77512,9.52,463.242632475203,21910,s,192.841460766979,4.0
77513,7.37,2108.50433375731,24220,"10,0",1174.79991953832,13.0
77514,8.29,10449.8888447241,22100,"16,0",4974.50540161115,53.0
77515,5.71,253.082159075117,25850,s,154.186068650056,2.0
77516,10.74,324.895719590561,25910,s,107.589416570144,3.0
77517,9.98,698.902010860212,27210,s,640.679300898589,4.0
77518,10.76,83.8830967358204,29740,s,989.141051715761,2.0
77519,33.27,428.0,22040,s,241.674012629291,9.0
77520,12.25,305.29663341404,27640,s,71.5570648720091,4.0
77521,6.28,729.0,27230,s,145.781368515711,3.0
77522,11.37,121.7780207171,22490,s,34.4423717735335,1.0
77523,9.26,111.924146736681,23400,s,22.5789453704626,2.0
77524,11.33,219.0,24030,s,54.1412445892621,1.0
77525,5.27,139.020360618001,25730,s,33.284937060098,3.0
77526,4.96,94.6570397111913,25210,s,30.8085678867056,2.0
77527,28.44,225.002466256705,28150,s,83.3966145438486,2.0
77528,3.36,426.380731601681,29470,s,303.44484461678,5.0
77529,9.58,577.61488648356,28910,s,161.932201072737,3.0
77530,26.29,122.788361733766,22320,s,33.7863523384962,2.0
77531,12.6,715.366609859654,21920,s,308.658616281015,7.0
77532,10.75,27.421875,s,s,25.2320203646174,1.0
77533,4.42,1015.26972691907,29930,s,858.367253901253,12.0
77534,11.68,319.0,26790,s,239.343006000341,3.0
78003,25.92,1274.70557779977,26170,s,1150.70153571801,14.0
78005,9.44,9015.91012934679,23010,"13,0",4570.43322093804,39.0
78006,10.16,286.650513876343,28930,s,50.5455046069315,2.0
78007,3.0,393.740997651607,40010,s,163.562826669091,1.0
78009,16.3,113.0,26710,s,36.8633494492425,2.0
78010,7.39,464.300629729674,35110,s,378.356996694203,5.0
78013,3.96,171.879554276012,31040,s,56.0027792214221,2.0
78015,6.91,5412.1515133425,28840,"7,0",1817.40798469754,32.0
78020,9.98,356.725930798729,29280,s,126.496680647945,2.0
78029,8.83,4934.29295790239,22380,"14,0",6167.77472515328,40.0
78030,17.14,832.742189645242,32040,s,441.604864650731,10.0
78031,2.37,266.81011073442,28560,s,52.8261682863467,2.0
78033,2.23,461.005648472611,28360,s,132.841950386302,5.0
78034,4.4,366.781239180975,31850,s,117.250855279708,3.0
78036,4.93,227.601969849169,31960,s,34.6497472110154,2.0
78043,6.53,1549.64660287781,37180,s,1194.57598023482,24.0
78048,12.03,552.572172854433,30910,s,837.664292684246,2.0
78049,6.59,674.0,32180,s,135.621487991002,6.0
78050,5.66,251.847928618939,37920,s,128.355501360628,2.0
78053,5.34,184.0,31690,s,56.5889900429586,3.0
78057,6.95,752.947257103585,24970,s,154.952243666595,3.0
78062,18.56,3074.0,29300,"5,0",1183.87327735465,21.0
78068,14.84,347.071985801808,26390,s,92.0416615776029,3.0
78070,4.93,127.115665562374,27610,s,45.5227970153211,3.0
78071,12.52,225.831728945314,26280,s,61.2514023746317,3.0
78072,3.59,112.0,31640,s,24.7608462088054,2.0
78073,5.48,5945.59365116944,27030,"6,0",4353.44213603507,36.0
78076,3.9,117.74921527389,27450,s,19.1045650336855,4.0
78077,25.06,304.840979586166,26480,s,392.229480036059,4.0
78082,5.11,238.977480612716,25800,s,35.1833105363979,3.0
78084,3.96,252.208374408852,31120,s,71.5582838449848,3.0
78087,10.84,796.132930634116,29880,s,418.123981558595,11.0
78089,7.66,2051.0,20770,"15,0",1245.06141550023,20.0
78090,6.92,901.607514030672,27550,s,497.071938665035,5.0
78092,2.76,3700.28214866125,31170,"7,0",1471.67640801009,25.0
78096,10.76,223.865282595054,31450,s,63.4171854632169,3.0
78104,3.75,279.406577463807,27900,s,139.26332605193,4.0
78107,11.38,805.082420802785,26740,s,443.102767388096,9.0
78108,19.55,545.749131785502,31080,s,143.609880071711,4.0
78113,7.34,263.640134563074,29580,s,109.993334010139,2.0
78117,8.07,2553.37404813584,34580,s,5606.53944254656,24.0
78118,4.94,1195.98712071577,23710,"9,0",3580.25357345988,13.0
78120,20.9,706.880833261972,32670,s,540.433992886304,8.0
78123,7.19,7005.80893599568,21900,"17,0",4197.73411746275,44.0
78124,5.02,5840.00449954897,31610,"8,0",3974.91520825917,36.0
78125,22.6,336.498260419173,35070,s,95.1475791121361,3.0
78126,5.82,8418.38124148468,28840,"9,0",3545.16170333033,58.0
78128,9.77,642.126258715356,33660,s,246.798224909739,4.0
78133,7.87,2326.10154227688,31910,"6,0",3871.40591162215,14.0
78138,3.33,3578.12146984363,19240,"23,0",2729.94677252382,31.0
78140,5.1,468.992931777086,31530,s,206.650772446305,5.0
78143,4.88,550.568390709132,36850,s,801.576910519184,9.0
78146,5.08,12814.938025829,32380,"7,0",6728.92607008689,77.0
78147,3.02,179.956128921461,27330,s,95.8311501298812,2.0
78152,6.03,674.0,40000,s,463.412611266373,7.0
78158,7.02,14750.0886914996,32740,"5,0",11682.9785002588,99.0
78160,13.42,2397.0,31910,"5,0",1700.26292235361,20.0
78162,8.73,224.0,34420,s,66.9539920992314,2.0
78163,9.4,137.888841525007,28470,s,54.8379255870159,2.0
78164,17.22,314.921119140506,33520,s,506.945681914327,5.0
78165,6.11,7258.41812827868,25560,"9,0",4387.22879716653,37.0
78168,8.27,1724.0,23750,"12,0",4523.4371390037,16.0
78171,10.71,487.0,29010,s,90.4305194369456,3.0
78172,9.9,14472.3177030462,26620,"10,0",8743.23533998623,97.0
78185,2.02,161.762292067544,30910,s,50.4096468621336,2.0
78188,6.13,145.360734215374,25930,s,37.4087497315664,2.0
78189,14.91,671.0,36920,s,281.085526544286,4.0
78190,3.44,4466.6097287278,37620,"6,0",3461.56387616681,29.0
78192,13.98,511.502798210867,24850,s,119.415270546259,4.0
78193,11.17,442.808712725675,34420,s,124.099621961231,5.0
78194,3.44,92.0,30400,s,12.0681248643098,1.0
78196,5.95,119.54521792431,37910,s,50.3346788232522,2.0
78202,3.84,219.0,25250,s,89.7575331080411,1.0
78206,11.27,1626.62190276147,26180,"8,0",1790.92153552078,17.0
78208,8.51,10887.6199397557,25820,"10,0",13433.3792733395,73.0
78209,11.99,343.331751039887,29510,s,74.5805384592345,2.0
78217,12.77,2675.45602360316,26100,"8,0",2226.01288985578,27.0
78220,19.32,2778.56673096457,28950,"6,0",1275.23724166755,19.0
78224,5.38,1804.62694506358,40020,"5,0",524.444852979162,11.0
78227,2.5,324.524311769266,29680,s,305.527906648891,4.0
78230,3.0,243.146848119032,27860,s,48.5290505696893,2.0
78231,3.18,66.5677419354839,29090,s,20.9577684564881,1.0
78233,12.85,1108.23532872153,41260,s,655.846905608288,9.0
78234,4.31,71.710843373494,25730,s,30.7546740528467,1.0
78236,8.89,232.192437097671,30710,s,71.8138526942572,2.0
78237,1.23,58.6217948717949,26280,s,51.4014496808751,0.0
78238,8.61,1036.17118958876,25560,s,3180.20030551304,11.0
78239,9.69,918.004299267762,24850,s,216.437290654665,11.0
78242,5.43,6052.9222429894,25850,"10,0",1767.74042547513,33.0
78245,3.31,161.83651890616,31190,s,25.0261986505581,2.0
78246,13.06,385.726026801575,28450,s,84.7816178732066,2.0
78255,10.32,1665.5512051781,22580,"12,0",899.195281450476,14.0
78261,4.83,267.716991142301,27410,s,125.356728576069,6.0
78262,4.53,488.308762723413,30020,s,257.181437840155,3.0
78263,23.02,961.755143829444,32310,s,443.851618232445,12.0
78264,18.92,27.6923076923077,s,s,12.9223277392474,1.0
78265,10.69,1048.48873474561,30330,s,345.227482872754,5.0
78267,8.67,3070.95862283509,24210,"10,0",1968.66805392546,23.0
78269,25.8,486.0,32350,s,731.278640204302,9.0
78276,5.67,275.449879992673,24300,s,26.0273551552999,2.0
78278,5.63,201.790144864843,31030,s,88.4975251542755,2.0
78281,4.66,239.68852538515,29020,s,165.844052022965,4.0
78283,6.05,116.0,27920,s,26.9520804716017,1.0
78285,7.11,216.200653817631,30900,s,78.1206453867233,2.0
78289,12.43,356.0,35680,s,123.663849470467,3.0
78290,8.54,430.675314951993,26200,s,73.8470637907857,2.0
78291,9.98,885.352796779316,26810,s,911.468386144166,9.0
78296,7.32,247.0,27220,s,256.995855007107,6.0
78297,13.0,11925.0119364727,24290,"11,0",35951.2582216759,112.0
78299,3.28,1041.26867232041,25290,"9,0",616.506444048589,11.0
78300,7.08,168.472259983344,29960,s,56.5506005356376,2.0
78302,4.86,75.0843373493976,35240,s,26.8597116261352,2.0
78305,6.4,108.043236027272,35080,s,34.766843139129,2.0
78307,18.07,388.399175999738,30160,s,131.334172828591,3.0
78310,10.39,1735.50954489805,23910,"9,0",2547.78390029408,18.0
78311,4.43,14014.3427117754,29660,"8,0",5368.43902204831,76.0
78314,4.8,1522.29507882886,24400,"7,0",398.936102011546,8.0
78317,4.81,286.737271200177,29670,s,133.079111600318,4.0
78320,8.92,276.0,24930,s,49.4399244439748,2.0
78321,9.65,2185.77264398046,32610,"5,0",1150.60307243985,18.0
78322,10.14,3118.04245732845,35220,"5,0",3612.14189368302,36.0
78324,2.82,224.0,26970,s,20.9969065816211,2.0
78325,7.77,242.67807949614,28400,s,67.1450582061463,2.0
78327,9.88,1631.35192081659,25250,"7,0",410.12444558435,7.0
78329,7.67,304.461294635444,27570,s,72.8697562346265,1.0
78334,8.25,644.164950915014,34090,s,134.079337515449,5.0
78335,11.48,6276.72877138281,19770,"20,0",5266.43941468971,40.0
78337,9.35,795.706788387486,25000,s,139.049671071575,3.0
78343,2.48,608.0,40080,s,692.52666534194,9.0
78344,9.38,240.0,26240,s,53.2169129922115,3.0
78346,13.76,599.0,26970,s,221.820107132746,7.0
78349,13.91,205.836639059939,34060,s,54.0132424222709,3.0
78350,5.37,2874.70025766784,35270,"6,0",2234.3996019745,23.0
78354,4.26,2203.29224239189,24070,"7,0",1790.23447960592,22.0
78356,16.64,3500.6293897046,27870,"7,0",3956.24089633682,30.0
78358,6.75,10466.4185005014,35870,"6,0",6724.89612701729,75.0
78361,9.38,17072.0902391253,17180,"30,0",14632.6979342096,176.0
78362,6.06,8355.63413313445,19770,"21,0",4661.9878655484,55.0
78364,4.72,310.320547963374,32200,s,72.1093229167465,3.0
78366,4.0,161.636293584051,33660,s,72.627468335807,3.0
78367,1.77,1396.79313948752,38260,s,697.515036221255,11.0
78368,4.33,635.101892245931,33130,s,244.313640636975,5.0
78372,6.54,7318.7983352415,30900,"6,0",3879.35719598948,51.0
78380,17.3,2373.19876579455,29140,"7,0",1461.67716222901,32.0
78381,7.89,398.0,28950,s,498.414093147947,5.0
78382,3.65,1713.9826366882,28680,"8,0",497.361994970508,7.0
78383,8.32,7880.20797475531,26540,"8,0",5900.47333221656,44.0
78384,2.85,539.067777811602,36430,s,178.248004188158,5.0
78385,3.51,79.5137614678899,28590,s,13.8909435987167,1.0
78389,10.31,672.478502560507,33150,s,874.860276484328,9.0
78391,2.15,163.0,24870,s,35.2833770016311,2.0
78396,3.25,2410.15178585711,34820,"5,0",1146.67922770724,15.0
78397,8.95,2765.47249454321,32450,"5,0",1465.16297682887,20.0
78398,6.49,346.355472005751,34440,s,194.561968549533,6.0
78401,3.46,3953.33769130868,21080,"17,0",2924.64813178448,30.0
78402,10.42,1481.8427635349,26560,"6,0",619.645807430119,11.0
78403,4.76,823.890585313128,28150,s,236.06314664527,8.0
78404,5.78,108.375062498588,29670,s,17.3558886466296,0.0
78406,3.06,107.021873046973,50140,s,80.4284032059578,1.0
78407,10.51,238.981945383804,28060,s,62.1670641025241,2.0
78410,9.7,393.257918812656,26990,s,86.3156154088262,2.0
78413,4.4,148.008718892028,26210,s,26.9636782777856,3.0
78415,4.79,208.105740716666,33240,s,82.0296345413829,2.0
78416,3.01,119.765110029084,30250,s,35.2653745288756,1.0
78417,7.98,112.777756763313,29740,s,65.7517141418473,1.0
78418,7.36,5850.92735624566,32120,"6,0",4483.09783766465,38.0
78420,5.71,1175.16619913452,34080,s,1172.93209391582,17.0
78423,11.65,14274.5067081013,30040,"7,0",23073.0861697892,138.0
78431,7.24,1096.24923657338,35290,s,502.234815765103,11.0
78437,7.2,276.721645772017,26520,s,55.4477978141414,3.0
78439,3.54,42.8108108108108,s,s,27.488226512085,1.0
78440,11.99,11559.1730000963,17960,"25,0",12543.1055329212,101.0
78442,2.15,1479.54798859557,31900,s,639.90181044539,9.0
78443,7.52,346.895039123521,32550,s,86.8447964427759,4.0
78444,9.72,313.570205342449,27210,s,63.7167199549378,3.0
78451,1.31,414.947986055286,26670,s,121.434190069447,3.0
78455,5.43,3205.0,36680,"5,0",1467.15224454375,26.0
78460,3.87,459.41035823742,29100,s,140.023470665771,4.0
78464,10.49,375.677760115457,30160,s,94.0412577849151,4.0
78465,14.34,1027.39821277711,29190,s,430.181190890451,8.0
78466,15.33,2517.0,36210,"6,0",2650.94567443098,26.0
78470,16.5,345.024984757498,29880,s,221.713946190799,3.0
78472,9.61,122.431003773454,24380,s,87.7689401673258,1.0
78474,5.94,334.641547316899,26010,s,63.5796130593471,3.0
78475,2.59,154.793767501418,28290,s,33.9820688246671,2.0
78478,10.28,72.0,28920,s,30.0656090782664,1.0
78481,2.84,6783.75715644769,29890,"8,0",3738.64877544504,33.0
78484,11.18,252.052283006787,27780,s,33.4499314849099,3.0
78486,13.47,2930.84925432043,28760,"5,0",2171.41119840941,20.0
78490,18.68,12161.5872980188,25030,"11,0",13718.6475685533,95.0
78497,23.27,362.815282345478,35740,s,123.61490579632,3.0
78498,13.28,17035.2896865568,23450,"14,0",22625.6686991163,178.0
78499,2.57,238.547415538192,30200,s,193.547856606014,2.0
78501,4.62,1062.0,24030,"9,0",1138.55193130155,7.0
78502,1.44,2388.74410169958,25770,"13,0",1690.13079543772,24.0
78505,6.77,156.850851861609,28450,s,30.1758551866,2.0
78506,26.95,345.233756876132,29340,s,197.207996368044,3.0
78513,5.77,944.830454264525,28890,s,1155.85441060291,13.0
78516,10.25,369.170865921706,29460,s,47.6238151935063,4.0
78517,35.19,12649.1855588283,27450,"7,0",12737.2932968929,125.0
78518,2.22,41.0,38090,s,29.1647407163362,1.0
78520,10.55,466.022880332868,29980,s,563.637529603498,11.0
78522,12.59,398.080928095171,34190,s,158.981165858822,4.0
78528,2.96,177.697048745374,22500,s,103.988928618674,1.0
78530,4.54,156.0,26590,s,36.7843262683722,3.0
78531,19.36,2620.24021689399,22380,"13,0",1703.67051136649,23.0
78536,5.45,146.101524909394,27200,s,74.3970550160251,2.0
78537,12.55,2449.46451466704,28970,"5,0",1338.61606569895,25.0
78545,5.01,8481.911276475,26180,"10,0",3109.6594271173,46.0
78548,6.0,192.0,36470,s,33.3820719421394,1.0
78550,5.23,709.86535692811,34380,s,259.722260303858,4.0
78551,51.94,19639.1148746272,32270,"8,0",18519.297887974,269.0
78557,14.0,383.93421913422,27760,s,142.636140180414,2.0
78558,6.48,141.591850912122,26010,s,81.365737571073,2.0
78559,4.39,166.0,29340,s,32.8505176612089,2.0
78561,6.61,169.889426170993,38100,s,133.113512894879,3.0
78562,34.52,574.0,31600,s,225.805410614891,7.0
78564,16.67,264.0,26960,s,44.1290742476561,4.0
78565,6.21,125.491468739228,31820,s,26.751941881202,2.0
78567,15.75,374.519347862146,27180,s,76.5825210909078,3.0
78569,8.16,347.0,29160,s,152.145527457529,9.0
78571,11.74,1877.02784939635,43360,s,932.520151110705,15.0
78575,9.65,3123.98934622315,34300,"5,0",2362.87017228137,35.0
78576,10.15,651.761598681131,32530,s,209.608233631309,4.0
78586,8.46,21215.4200143465,24900,"13,0",11466.4880743897,147.0
78588,2.13,367.066635055778,29800,s,73.6957084889294,3.0
78590,7.9,223.0,34270,s,58.7283204921922,2.0
78591,9.4,885.113033292108,27470,s,559.947069302586,8.0
78597,5.19,248.795756032817,27880,s,87.8653057900408,2.0
78601,46.49,631.0,29510,s,262.860757337311,5.0
78605,3.17,409.64216819581,28920,s,133.932651523479,2.0
78606,4.28,15.0,s,s,12.0115595848534,3.0
78608,2.91,44.528,27050,s,9.72429323153338,1.0
78609,4.36,374.211910531215,28710,s,129.694488248939,3.0
78615,11.17,351.357566495592,29460,s,994.824956797212,8.0
78616,7.09,583.0,29150,s,507.263915515768,10.0
78618,7.8,200.0,27500,s,20.8633427817499,2.0
78620,4.02,395.0,36010,s,541.479816476334,7.0
78621,13.47,11735.7338245767,17960,"25,0",17253.6317863639,156.0
78623,6.03,355.611344809182,29710,s,277.090383135195,5.0
78624,13.58,4887.11632906261,28660,"7,0",1624.53165839689,30.0
78638,8.45,1974.30209017851,28210,"8,0",599.67355963508,8.0
78640,8.93,10313.3525280824,28070,"7,0",40054.6414672965,64.0
78642,9.43,6559.77493959783,27670,"8,0",2577.20336675061,39.0
78643,6.48,3606.88926078804,28650,"12,0",1880.52531872069,18.0
78644,1.77,2403.0,19070,"23,0",2519.36978642956,14.0
78646,26.18,37102.5988383106,32780,"7,0",47175.9693996228,434.0
78647,3.67,347.450219887882,29510,s,82.648973376957,2.0
78650,5.0,6573.17887693212,41900,"5,0",4080.08215960164,64.0
78653,4.43,145.0,32020,s,108.50888131885,1.0
78655,9.6,274.301729223287,34730,s,128.239059372877,3.0
78668,11.79,254.092094536443,25830,s,59.5364930167465,3.0
78672,5.08,2226.95674742641,37150,"5,0",962.777377804798,18.0
78674,10.4,4268.99696828228,28350,"5,0",1508.42735052404,27.0
78677,4.63,207.345699679081,29790,s,68.3422878212789,4.0
78681,6.77,306.190433314288,30170,s,144.312394074842,3.0
78683,5.06,1139.14077737437,31030,s,1819.31861416418,12.0
78686,3.49,7095.87464749808,35280,"5,0",3897.21971346262,43.0
78688,2.38,4585.173434649,34770,"5,0",4205.54150824346,49.0
91001,15.02,121.7248039172,25660,s,37.4897230970884,1.0
91016,25.83,1679.98002666572,21380,"13,0",1124.90905019219,7.0
91017,9.01,578.393415365865,28380,s,226.375902429704,4.0
91021,2.4,5296.53494112126,21510,"20,0",5581.65674393588,71.0
91022,7.4,53.0,26850,s,12.1185173108712,1.0
91027,8.56,14295.1982064186,21910,"17,0",10043.0382601828,103.0
91035,10.59,140.867409494626,24350,s,45.650223690357,3.0
91037,6.5,124.80325040969,26470,s,69.3267052159993,1.0
91038,12.99,516.412175944075,28460,s,230.074808476313,5.0
91041,9.14,380.0,28310,s,818.458558238493,5.0
91044,4.01,1739.48519890786,29630,"6,0",1911.81061908848,10.0
91045,11.3,3204.77862379354,24930,"8,0",1215.56798757812,26.0
91047,8.17,594.655283019935,26040,s,151.512697742453,4.0
91064,9.69,1928.2660677471,33670,"6,0",2460.76917249747,16.0
91067,7.91,53.0,24820,s,14.9312069579962,1.0
91069,15.8,178.768661375134,26180,s,227.512920331425,2.0
91075,3.89,28.35,s,s,49.2213178284417,3.0
91079,12.47,215.627425355125,28200,s,72.0375951081758,4.0
91080,4.58,513.559794421274,25620,s,308.858003195772,3.0
91081,19.06,271.0,25410,s,67.1974569607689,2.0
91085,8.04,1570.44516709352,27150,"6,0",678.898373252039,6.0
91086,6.76,3975.0,26210,"6,0",7786.89865184561,24.0
91093,4.8,238.954725675432,37820,s,103.915018335915,3.0
91095,7.23,849.771271727281,28010,s,457.402653152679,6.0
91097,2.9,3264.52233259743,23610,"12,0",1401.28192305961,15.0
91098,7.01,157.56970797537,26730,s,68.9895190250486,3.0
91099,16.2,1208.98158275956,26600,s,293.931223806455,8.0
91100,20.53,265.579304643739,28260,s,64.7550684102249,2.0
91103,14.56,11048.2242530078,23280,"14,0",11430.9731967544,73.0
91105,6.69,3441.72640037055,25920,"8,0",1258.91828850826,11.0
91106,4.68,524.996552316525,27110,s,145.497271326687,4.0
91109,8.65,473.372465691058,25840,s,817.728427518952,3.0
91111,10.86,1354.14406134486,29630,s,1160.67203788579,16.0
91112,8.39,52.1653543307087,27960,s,13.2103993409432,1.0
91114,6.62,10664.34226291,26810,"11,0",5359.78698190529,87.0
91115,12.9,1493.0,27000,s,2401.48071727897,9.0
91121,15.99,195.094406776441,27350,s,36.9151225531235,2.0
91122,4.17,3910.0,33050,"5,0",1498.22198128063,22.0
91129,17.13,1341.43892306761,27070,s,654.727601677733,8.0
91130,28.67,441.337247029638,27060,s,113.663690656363,5.0
91131,10.47,171.0,27160,s,24.6734520859774,3.0
91132,5.74,466.706532307936,27840,s,236.271796341492,3.0
91135,16.35,901.750101691876,26700,s,977.43564978996,8.0
91136,3.68,964.37944421764,24130,"13,0",1843.96463132208,7.0
91137,7.57,135.104847114362,25500,s,28.0730411058137,1.0
91145,5.13,29.0,s,s,15.0221047259637,1.0
91148,4.8,53.2835820895522,29480,s,20.6235305517885,1.0
91156,7.15,867.561909542413,28560,s,393.764439012604,3.0
91159,10.23,616.790745823311,27380,s,370.463155950913,4.0
91161,5.57,8351.60426663032,22610,"17,0",9853.06458952059,51.0
91174,11.01,21007.7108159297,18320,"26,0",20585.466047477,147.0
91175,15.79,665.403306947,26580,s,192.640874793634,6.0
91179,11.44,1882.3615951434,26020,"7,0",1839.04193419272,12.0
91180,8.31,148.453707147366,31460,s,95.0047946275815,3.0
91184,5.62,114.934188893661,25870,s,20.5303031120162,1.0
91186,3.74,229.738550813528,31230,s,61.0116048219398,2.0
91191,2.48,3841.23398627429,25600,"10,0",1924.62994966245,24.0
91195,8.43,360.173145362007,28240,s,65.8512127705434,2.0
91198,10.04,603.883569410606,27300,s,132.985481637896,2.0
91200,30.64,4810.75480335672,22800,"13,0",4812.06147622732,52.0
91201,15.75,11651.1365960933,25490,"11,0",6573.20320692929,67.0
91204,6.81,317.0859625978,28820,s,249.582646959291,2.0
91207,3.95,2394.84294930407,23340,"13,0",1287.94424648611,21.0
91215,3.58,4300.14209790019,18550,"23,0",1698.44748768618,26.0
91216,4.44,4321.02431392835,28220,"7,0",2158.77201798691,34.0
91223,40.92,10618.2304195681,19760,"19,0",11053.3736765129,129.0
91225,11.65,1379.68532953656,32730,"6,0",458.444318267388,8.0
91226,14.06,2892.93460432154,26570,"5,0",1506.98554675919,25.0
91228,12.7,26242.3105696736,18730,"24,0",40181.4118154999,331.0
91232,4.55,1525.36245295942,25840,"8,0",822.65737101961,19.0
91235,6.51,3249.17783573967,19210,"20,0",5596.73470256146,16.0
91240,3.69,80.5508240250274,27080,s,14.1672492093143,2.0
91243,9.72,838.0,28360,s,442.487305990498,4.0
91244,6.83,596.097998976364,25570,s,273.583115806146,3.0
91247,7.94,186.241538447813,25940,s,52.8143884994331,4.0
91248,5.36,60.3703703703704,24840,s,32.3748272987993,2.0
91249,14.58,1559.44924031379,29360,"5,0",450.723183698845,4.0
91272,11.6,9590.93885143369,34190,"5,0",10058.2729752006,69.0
91273,13.21,302.824075980355,25240,s,58.3451036279248,3.0
91274,9.86,586.0,32800,s,355.051393428116,4.0
91275,5.05,1045.0,30010,s,454.233647304502,9.0
91284,12.68,438.74109345562,26900,s,67.9816126106094,2.0
91286,4.87,9205.43347011216,14570,"43,0",7458.58355278591,59.0
91292,2.61,312.141525867588,27750,s,488.60536298723,2.0
91293,9.19,362.849831346564,28040,s,150.092346969126,6.0
91294,17.3,315.962043918786,26580,s,145.198779751318,3.0
91312,3.82,4099.22645491974,30920,"7,0",2066.97926393203,22.0
91315,12.2,2580.78731470721,27360,"5,0",871.535982714437,11.0
91318,10.67,818.363623147236,29450,s,223.259500112243,5.0
91319,8.24,250.769746443251,30630,s,104.920135550786,2.0
91326,2.24,8343.98482687366,23200,"16,0",4799.22729985049,78.0
91330,7.63,2219.0,28340,"5,0",2753.27532034794,19.0
91332,7.84,574.495594281458,28910,s,179.874373264028,6.0
91333,2.49,1713.0,27360,"8,0",445.171370999194,6.0
91338,14.25,2752.22082478048,30170,"5,0",2719.28758040931,27.0
91339,7.51,2699.01830149746,26440,"10,0",1449.42403742341,13.0
91340,10.4,2792.62985099242,25820,"8,0",8474.00682121429,24.0
91345,4.84,8852.36277617726,23160,"15,0",7258.18878248159,82.0
91347,5.05,2541.75593653089,28180,"11,0",1524.34326438076,18.0
91359,21.58,1168.0,24300,s,529.380684894746,7.0
91363,16.8,3303.31825036151,28300,"7,0",3435.87439233853,19.0
91374,6.0,87.1888412017167,27400,s,15.3844191525458,1.0
91376,6.47,2292.00627341998,27600,"5,0",1450.02253784782,12.0
91377,9.43,22516.7098208972,23710,"16,0",31916.0956814747,172.0
91378,3.16,126.23025927275,29000,s,181.498115313408,1.0
91386,11.09,6324.906613783,26820,"8,0",3418.68736276565,40.0
91390,32.97,1367.81095869826,23930,"6,0",895.836574408505,7.0
91393,10.71,233.0,24450,s,62.1535744292755,2.0
91399,9.95,86.5106382978723,22200,s,26.2272152271181,2.0
91405,33.8,2050.80892219664,27140,"6,0",2147.17883566887,25.0
91408,12.23,546.0,29260,s,139.656716155683,3.0
91411,7.02,709.683066858675,34550,s,410.906252293483,9.0
91412,6.7,298.710313138347,27820,s,61.8306407178275,2.0
91414,8.31,155.508588138988,24510,s,57.0167995877338,2.0
91421,11.22,9418.37243572569,24840,"14,0",5603.73291783473,70.0
91425,3.28,3632.87919432147,25570,"10,0",3863.04836487767,33.0
91432,4.8,5571.24949594104,25520,"10,0",5995.92172954971,23.0
91433,30.85,1765.62818202708,27670,"5,0",1053.65204897035,15.0
91434,4.39,8117.26503133174,24130,"13,0",2943.8839280731,40.0
91435,4.39,226.0,37130,s,99.7103742015335,5.0
91441,5.93,213.3486807845,29100,s,32.7883378378691,2.0
91457,4.52,1716.42592168946,27700,"7,0",843.288784973258,10.0
91458,7.34,1781.69179143669,29880,"5,0",4770.35728200744,10.0
91461,11.33,1661.57202160449,26400,"8,0",1439.78757303529,9.0
91463,5.37,427.639252335964,27500,s,136.687156932425,3.0
91468,1.88,785.29880333377,25500,s,843.459862509575,7.0
91469,10.29,362.056659129736,28090,s,116.134009074066,4.0
91471,7.97,6884.38416205304,32230,"6,0",10386.1322027417,70.0
91473,4.3,68.0,29040,s,18.128818018938,2.0
91477,11.51,15771.7440280727,27970,"9,0",16282.3692732219,124.0
91479,6.14,3154.96870979582,24690,"11,0",4530.26077153309,16.0
91482,7.4,223.0,28500,s,94.0938411009761,3.0
91494,7.58,1599.05409926254,28390,"6,0",2431.96866844656,8.0
91495,9.16,117.721778887045,25990,s,34.2233702335524,2.0
91507,5.14,122.16091979905,27640,s,107.26168957607,2.0
91508,11.27,104.705082083743,30450,s,29.1841579678064,2.0
91511,11.55,885.345276723227,22280,"11,0",313.217886345209,8.0
91514,5.2,3965.79537780251,23230,"13,0",2191.01707293798,54.0
91519,10.35,155.0,27910,s,27.0446395781333,2.0
91521,8.71,11404.8275859452,19550,"23,0",6716.93261711857,82.0
91525,13.4,460.0,29710,s,170.762768251881,4.0
91526,7.16,37.6448598130841,29210,s,8.9281772021488,1.0
91533,13.66,749.796780532418,25450,s,335.22429194312,9.0
91534,13.65,1577.89960253857,33300,s,5889.37865564378,11.0
91538,3.57,285.92430771086,37450,s,797.67062192462,5.0
91540,11.44,2131.69309152576,26400,"6,0",963.332993890195,14.0
91544,8.81,203.846260696528,28590,s,55.9596431259684,2.0
91546,9.89,399.136102736778,31090,s,142.906799811737,2.0
91547,12.0,187.0,26030,s,42.7175646157992,2.0
91549,9.27,14951.3167402022,23760,"15,0",10322.7201229644,101.0
91552,6.31,3931.29375528351,23930,"11,0",2190.21876503512,18.0
91553,4.93,3040.98420871906,28730,"7,0",1244.08199850906,17.0
91556,6.79,158.191582540532,27200,s,36.5531271963461,2.0
91560,3.97,180.709033692724,29250,s,46.4821640507704,2.0
91568,9.03,595.52418232447,32210,s,85.2223507435453,2.0
91570,5.29,8829.59444387644,22570,"15,0",4397.83327513442,56.0
91573,11.59,4467.21813013143,25620,"8,0",2690.62163310614,30.0
91577,3.29,2238.0,26900,"7,0",549.324916534732,9.0
91578,4.37,123.999783923573,35220,s,49.8034780373284,2.0
91579,11.57,1257.90328315384,28960,s,410.745938845184,7.0
91581,4.66,354.705791865397,30380,s,56.560736141734,3.0
91587,7.65,2723.0,26920,"8,0",1496.60468082602,14.0
91589,6.97,15468.0932268937,24980,"13,0",5939.68482003505,85.0
91593,13.6,648.800292440951,28660,s,135.661205849864,4.0
91599,11.52,556.135552337749,27740,s,259.691582784428,4.0
91600,8.56,3068.05160296365,30410,"9,0",1402.51947319315,27.0
91602,7.33,152.048279534205,27780,s,87.5702658121513,4.0
91613,8.47,82.6923076923077,25430,s,31.4272954134195,1.0
91617,8.64,1636.0,26820,"5,0",1763.39846175671,11.0
91619,3.5,112.962137986964,29750,s,113.157895982402,2.0
91629,18.7,241.190514803454,26610,s,50.4208992763411,4.0
91630,12.57,604.001262012051,31110,s,171.148130500086,5.0
91631,5.48,885.022486884179,31860,s,725.094671768131,10.0
91634,6.06,531.0,28000,s,160.147878392994,5.0
91635,3.34,805.814072706577,36570,s,159.444435990883,8.0
91639,8.46,370.243158355562,26070,s,149.982130463495,5.0
91645,9.91,6091.94745169295,35320,"6,0",3451.26363878995,43.0
91648,15.93,925.322572081488,27510,s,1015.32929249772,5.0
91649,6.83,1095.88064299985,26400,s,885.593212898208,3.0
91654,8.7,256.92223932981,27980,s,62.6987364217207,2.0
91657,8.77,11853.2474743355,20770,"19,0",4137.07471424656,54.0
91659,4.56,2015.4918354177,24670,"9,0",2815.83663470813,17.0
91661,7.41,4509.15446066711,28820,"7,0",8306.67680493627,25.0
91662,14.45,292.641487996418,30040,s,60.4731752505974,2.0
91665,3.62,3070.85394011638,26770,"9,0",1864.67843341078,13.0
91666,5.36,948.0,28250,s,1355.69352477841,8.0
91667,2.31,2888.21647288736,30030,"6,0",1140.47875937423,19.0
91671,7.07,232.0,28590,s,73.9037239183246,3.0
91679,6.03,480.16147671204,33800,s,322.582128552555,3.0
91685,1.78,1851.78109053754,27980,"6,0",823.064118015806,7.0
91687,6.07,13055.6838336679,21540,"17,0",8378.07938072018,78.0
91689,9.11,3117.37666142839,28240,"7,0",8960.23909460963,15.0
91691,9.84,12082.4623075224,27500,"8,0",4605.66259677916,83.0
91692,5.18,9699.70081947625,19730,"21,0",15573.8369784695,64.0
92002,9.56,27375.593403168,30990,"8,0",22651.5559220464,201.0
92004,4.82,39065.0397272278,27310,"15,0",22783.5560488891,260.0
92007,4.19,17450.5709170935,20490,"19,0",11475.0874858367,85.0
92009,1.92,13368.6358386481,31490,"9,0",12583.2606442233,81.0
92012,6.17,59417.772923151,34090,"9,0",90145.8747321097,502.0
92014,1.86,9175.27760256451,32800,"8,0",5253.36024594108,67.0
92019,6.38,14838.7420377145,26050,"11,0",7588.95667140776,81.0
92020,2.92,16658.6693438764,29730,"9,0",15194.3607779439,97.0
92022,3.55,9140.47210743271,31640,"8,0",3591.86862524935,45.0
92023,8.77,22696.0989921173,28720,"10,0",18514.2071355588,134.0
92024,3.08,29330.6016734252,21520,"21,0",36191.3467775559,191.0
92025,7.81,35908.5550732657,24070,"16,0",31508.0836531964,214.0
92026,4.17,39514.447568675,31340,"11,0",100483.060628413,265.0
92032,2.51,11035.0661262716,26350,"11,0",7082.00650867003,59.0
92033,2.69,7745.59182513755,35150,"7,0",5338.09563792008,60.0
92035,1.78,13739.802348006,32260,"8,0",10700.9953086928,92.0
92036,11.64,19378.9293710952,17980,"27,0",41930.5931293401,137.0
92040,4.25,32002.2203637645,32610,"8,0",55742.2323884381,219.0
92044,2.41,32574.3504900704,33400,"9,0",60623.9689680361,253.0
92046,2.07,14912.0982975788,25040,"13,0",15399.7386068863,70.0
92047,3.48,655.0,40860,s,879.846545024669,10.0
92048,9.9,19953.4179909913,29810,"10,0",17522.6706379532,155.0
92049,2.07,24093.4265159391,29630,"10,0",29000.6654564434,148.0
92050,12.19,39000.7058289701,21230,"20,0",88087.1589211158,323.0
92051,3.73,28929.0844002407,45580,"8,0",47315.0553837306,299.0
92060,3.43,13300.2233408067,30110,"6,0",14770.3787077519,58.0
92062,3.19,21096.0685153545,30140,"10,0",80522.4895454611,209.0
92063,14.7,34085.2037047818,32040,"7,0",41943.8102929832,233.0
92064,7.56,12832.6016583395,38450,"7,0",17058.5687423069,111.0
92071,3.6,9034.27055206727,34670,"7,0",5778.18680479287,67.0
92072,3.91,10069.2335185405,33000,"9,0",9728.41539953656,74.0
92073,3.79,22021.6201556446,30830,"10,0",28081.7490640312,139.0
92075,1.56,13384.736445778,29700,"9,0",7834.2550252253,77.0
92076,3.08,3545.34498026397,40220,"6,0",2733.72834945154,29.0
92077,3.67,4824.91318740166,36870,"6,0",1851.29726072413,36.0
92078,3.2,9370.22406792244,18240,"26,0",9456.73793956695,63.0
93001,5.76,34274.6916270454,14910,"41,0",34052.196164852,213.0
93005,16.2,30794.2700008259,18310,"28,0",27755.221166836,246.0
93006,2.57,15655.1871902582,18430,"27,0",13655.0036416053,95.0
93007,8.05,20436.0605020198,17040,"32,0",11775.3920206205,125.0
93008,6.77,19278.9904427378,15910,"35,0",30127.3140710398,177.0
93010,5.47,20106.0579663141,16950,"32,0",12436.0101006158,105.0
93013,2.08,6220.58881180282,16520,"34,0",8169.06641342835,44.0
93014,3.95,9047.68247025663,14740,"42,0",5278.80691138335,64.0
93015,4.14,1871.0,26740,"6,0",688.481829583495,16.0
93027,7.52,15980.469837845,14740,"41,0",13102.6786393297,92.0
93029,7.76,27999.3083740645,18080,"29,0",12909.210325418,146.0
93030,3.89,4083.9648436701,16900,"31,0",3081.51087156791,19.0
93031,4.57,20665.5684239151,17250,"30,0",9563.67693333857,116.0
93032,6.83,15553.1736238864,22340,"17,0",5293.27052257108,90.0
93033,1.68,2904.33243896752,29080,"8,0",1027.8233231667,17.0
93039,1.77,3259.68536393215,17380,"31,0",1829.13726965179,16.0
93045,1.26,10845.3481938962,24530,"15,0",5168.50332186658,70.0
93046,7.38,18490.6289752206,21410,"19,0",8450.97750161243,110.0
93047,5.45,9500.39166782153,20370,"23,0",6515.39673001656,75.0
93048,8.92,48931.8959757988,20320,"25,0",56848.4522131999,378.0
93049,3.42,9196.12013275939,25570,"14,0",5944.8085055244,50.0
93050,6.86,14576.5987045145,20430,"20,0",9333.32459184961,75.0
93051,12.95,28472.3864606938,22570,"17,0",27918.4689925019,179.0
93053,5.04,17418.2898643714,17930,"28,0",10733.7627846541,113.0
93055,5.01,25870.3296008196,18950,"27,0",29842.0587074485,240.0
93057,2.92,9687.22247452663,21320,"19,0",5539.80452229151,54.0
93059,3.41,10954.1002173243,15720,"37,0",5551.20746613179,51.0
93061,0.7,8164.06153277043,20910,"23,0",3630.68761002054,37.0
93062,2.24,6706.33905743734,27830,"12,0",4316.3240843715,87.0
93063,3.44,12692.396348113,20050,"24,0",7424.52289585103,62.0
93064,5.91,19098.497807212,21170,"21,0",15048.2013554484,135.0
93066,12.36,46024.7661669807,16200,"35,0",88807.5839978129,357.0
93070,4.31,23439.2820863674,19530,"25,0",36793.0425114675,135.0
93071,7.28,17437.3250613326,16930,"32,0",8732.88606923038,108.0
93072,5.39,13712.71324485,15900,"36,0",8852.98483435803,122.0
93073,22.44,13485.2821468568,21020,"17,0",25227.0374632167,114.0
93074,3.78,2783.32592640724,23170,"14,0",2142.14803591292,24.0
93077,4.04,12613.3207353535,23180,"18,0",5010.16856620541,77.0
93078,10.37,12632.304432258,18620,"23,0",16168.0407756443,102.0
93079,2.31,4557.90925289762,16140,"33,0",4422.62974404411,29.0
94001,1.11,2384.44943624518,23470,"14,0",578.6442840396,15.0
94002,3.67,21118.4242069301,21700,"21,0",11827.8103650954,90.0
94003,2.33,10142.5540116754,23160,"18,0",16931.0678832673,56.0
94004,8.94,6791.79709373278,20700,"19,0",4888.90248783374,78.0
94011,5.51,7138.73519053525,19130,"23,0",9494.81624842752,55.0
94015,3.35,7124.04114190821,30450,"8,0",7376.20931173859,60.0
94016,2.74,13581.6803423939,25010,"15,0",7621.50958429609,69.0
94017,11.3,30734.7991755363,20720,"21,0",17644.972924129,199.0
94018,1.85,13994.7285690947,29380,"9,0",14579.1251790839,99.0
94019,5.27,7534.40300454953,23320,"15,0",5758.17668212381,48.0
94021,4.22,8121.58888897596,21820,"19,0",8207.58531907241,46.0
94022,5.43,19806.5385001564,20330,"23,0",10834.7754446035,109.0
94028,11.46,38878.2726440385,20690,"20,0",55346.3843043884,355.0
94033,5.58,21810.2122706615,24900,"14,0",30181.7220871735,139.0
94034,3.56,11240.5658222812,23210,"14,0",7820.86089050847,60.0
94037,1.18,8965.94086233423,21490,"20,0",9426.92308486186,45.0
94038,3.9,13022.0681207426,24050,"16,0",5283.17331198623,65.0
94041,6.1,29048.4512332919,19040,"27,0",32777.0445364549,167.0
94042,2.3,8716.47933891701,28190,"11,0",4827.61298729375,54.0
94043,1.54,11593.2946783162,23370,"17,0",13484.8208603125,82.0
94044,6.93,10460.3081744534,21890,"16,0",6382.37533836857,55.0
94046,5.35,26528.2986599695,27070,"10,0",16285.6117657377,151.0
94047,3.3,1744.0,27500,"7,0",1289.14134738337,16.0
94048,4.59,1809.98027104174,31410,"5,0",1104.22109300442,19.0
94052,2.8,15468.1958242697,31980,"9,0",8398.65550016767,141.0
94053,4.49,1844.74180015431,28160,"5,0",710.000395555337,9.0
94054,6.69,9572.42932356922,19160,"23,0",22796.5715760588,74.0
94055,3.41,3937.52841369832,28810,"6,0",2232.51778772127,25.0
94056,2.79,1041.05457272815,29020,s,352.614912446417,7.0
94058,3.96,15037.2775151656,30240,"8,0",5471.63948843861,84.0
94059,4.32,8314.11275370017,25860,"10,0",2933.39556746678,43.0
94060,9.16,4372.44893794595,24450,"10,0",2490.33576362244,26.0
94065,4.2,2399.08263187573,29500,"7,0",26501.3825938975,43.0
94067,0.92,10444.2694717302,35160,"8,0",8043.3469228385,97.0
94068,11.25,34456.8787143081,31350,"8,0",20099.8559645844,301.0
94069,1.43,6681.91897128173,27830,"11,0",6118.02697880853,47.0
94070,9.91,1566.94614863136,29730,"6,0",1590.30348011294,20.0
94071,10.43,11061.6437287699,26970,"10,0",7086.1895664471,73.0
94073,6.43,13191.0209006781,24100,"15,0",10618.2234421129,94.0
94074,5.31,5353.09037804345,17540,"28,0",4466.69080307049,39.0
94075,5.62,4526.0031703648,26930,"8,0",1703.34535881372,32.0
94076,5.34,25392.6605309346,21020,"22,0",22949.971579622,142.0
94077,8.4,8503.9365336605,21620,"16,0",6106.69956934246,44.0
94078,8.75,12744.0896668392,16570,"34,0",10423.3521437035,88.0
94079,4.33,12555.0524555891,23450,"16,0",5414.60093718861,59.0
94080,1.91,24893.4622430262,33580,"9,0",17312.6260604343,205.0
94081,11.67,38046.3197062491,19100,"25,0",27711.9771004972,222.0
95002,8.03,422.0,28650,s,106.200814845859,6.0
95008,10.03,310.060957059974,26300,s,377.93613068909,3.0
95011,7.96,164.0,27800,s,39.4659191994499,2.0
95012,8.7,79.2307692307692,23960,s,32.2214323237472,1.0
95014,2.7,951.351347832257,29990,s,1128.99913859155,11.0
95018,17.22,42116.3752202772,18930,"26,0",29181.6891389274,258.0
95019,2.84,4968.55839217491,20100,"22,0",2357.83447879559,42.0
95023,15.85,254.876969720469,29290,s,86.9582781080778,2.0
95024,7.4,108.882818687814,27200,s,29.3246637011537,3.0
95026,14.07,1239.0,27150,s,465.062579404118,7.0
95028,7.16,592.202330997861,28730,s,184.202691162545,2.0
95039,12.69,2876.34475457633,28110,"7,0",906.250933436901,9.0
95040,17.15,337.0,29190,s,102.806901906027,2.0
95042,7.91,759.041632717061,29430,s,536.003358064975,5.0
95046,8.1,52.3513513513514,27530,s,9.0892311216052,1.0
95051,3.02,3655.62778484384,27720,"8,0",3159.65079630688,17.0
95052,5.6,4057.54120254459,21590,"16,0",3262.21368796502,45.0
95054,5.02,79.7452830188679,28750,s,11.113694272615,1.0
95055,7.53,168.0,26610,s,93.2370289764251,3.0
95056,9.49,818.610445770633,27310,s,364.457682044955,6.0
95058,5.45,887.753395535447,23990,"10,0",793.414687319944,10.0
95059,8.51,140.103039069951,26970,s,31.8422342899517,2.0
95060,6.39,3157.32515025844,26220,"8,0",1087.26957072112,16.0
95061,3.79,167.823273471274,32190,s,61.1103437934879,3.0
95063,4.16,12381.7229575251,20710,"21,0",13030.5232678926,70.0
95074,2.77,317.0,31730,s,160.139545485143,3.0
95078,6.53,737.717641735052,28410,s,913.339109066171,12.0
95088,4.71,430.0,22710,s,1311.22946418912,4.0
95091,4.51,2388.60973433572,25630,"8,0",1140.25560722031,16.0
95094,2.81,116.695690404656,21900,s,151.03812182133,2.0
95101,3.71,316.829883276343,24010,s,323.929561684457,6.0
95102,10.61,164.0,30260,s,22.0686221329066,2.0
95110,3.06,97.8714285714286,26750,s,54.8253285523546,2.0
95116,8.91,1502.0,22630,"11,0",1391.45433198803,10.0
95119,6.86,124.0,23830,s,24.8858838307908,2.0
95120,2.6,830.779837673745,27840,s,182.651471768983,4.0
95127,11.65,27204.6516026614,19930,"21,0",32823.6146730889,280.0
95134,9.45,1899.43672915308,25980,"7,0",734.073065070584,12.0
95139,3.61,119.74562621541,25990,s,17.3580746912216,2.0
95141,3.83,16.0,s,s,10.0362667388154,1.0
95142,16.71,772.763407742026,24950,s,440.780873904192,10.0
95144,3.07,24.3157894736842,s,s,19.1819896137366,0.0
95149,4.23,1280.70574885118,28260,"7,0",456.520887402006,7.0
95150,14.56,246.839393811543,26110,s,104.774011310415,3.0
95151,5.0,116.685870264379,26730,s,27.2684223610176,4.0
95154,4.58,110.574174456279,24640,s,105.974101531047,2.0
95157,8.47,58.8466982759477,26990,s,13.4481403872554,1.0
95166,5.1,176.567564689052,28230,s,35.2155794226173,2.0
95169,4.72,175.840260209615,26860,s,68.8692479187336,1.0
95170,6.94,222.087646173319,26790,s,70.4358795568157,2.0
95176,8.48,10371.6352553286,27910,"9,0",5575.87335747143,56.0
95177,9.56,487.0,26040,s,251.323501351829,5.0
95181,3.61,129.0,28400,s,20.1691306710895,1.0
95183,5.57,2526.17287505151,26200,"9,0",596.180156049,12.0
95197,3.76,9627.32451596989,24440,"13,0",3430.47693990065,59.0
95199,8.33,6350.94095423156,25390,"10,0",3974.12353618087,55.0
95203,4.42,10402.7082079814,26190,"12,0",7480.09678938525,76.0
95205,7.59,2837.29345490584,25160,"9,0",1810.43684259485,20.0
95210,1.77,5331.09022564388,30380,"10,0",4951.75533329697,72.0
95211,7.43,891.024063710278,29660,s,2139.38765178488,14.0
95212,3.42,48.1495327102804,23550,s,54.0606017053414,1.0
95213,10.46,265.0,30320,s,66.2535034750111,3.0
95214,3.56,29.5862068965517,s,s,27.5774482541354,1.0
95218,4.72,7107.76962301969,23720,"13,0",7784.83409454651,45.0
95219,4.16,12484.4382679384,24120,"15,0",6834.6264125106,110.0
95229,5.19,3860.0,25080,"11,0",1401.92073334728,23.0
95241,10.84,717.445130145509,25080,s,271.762154700128,6.0
95250,3.61,3619.61061365429,22740,"12,0",1741.89346101088,23.0
95252,6.19,15732.3542196973,23460,"14,0",6777.83074289084,86.0
95253,5.61,215.058120403719,29030,s,33.1494785447827,2.0
95254,4.28,209.0,30260,s,47.5161272966756,3.0
95256,3.35,1237.0,27600,"6,0",584.625585925346,3.0
95257,2.02,1896.71925206281,30930,"6,0",482.889800041174,8.0
95258,7.6,151.914261266653,31340,s,35.427829905203,2.0
95268,5.47,14072.3383719502,15460,"38,0",8208.4171532054,97.0
95270,10.5,222.996509433652,27330,s,86.4593564084452,3.0
95271,6.44,203.0,28290,s,295.72499628007,2.0
95277,20.09,9654.63895681638,18680,"25,0",15297.5862280993,76.0
95280,11.52,10289.3991943519,17800,"28,0",8533.6610177479,69.0
95282,0.77,68.3835616438356,28970,s,22.7151645718689,2.0
95287,7.15,295.70654707917,30240,s,98.6293122549551,2.0
95288,2.95,3221.0,25700,"12,0",1408.30979709319,17.0
95295,6.16,63.1172413793103,28870,s,22.6672411993453,1.0
95298,10.9,201.0,30570,s,63.4180013226493,4.0
95301,2.57,134.0,24820,s,14.9875143202862,1.0
95303,1.96,84.6635071090047,27710,s,11.6658937968112,1.0
95304,5.28,119.0,33460,s,25.0286910280944,2.0
95306,12.74,11843.1927609469,26570,"11,0",8162.96871968329,76.0
95308,8.42,221.809760640191,30410,s,111.346725914349,2.0
95309,4.37,86.1466666666667,25550,s,32.8260521182438,2.0
95313,14.94,5640.96370833493,27690,"8,0",4325.87578081319,75.0
95316,4.18,103.653763681123,30860,s,15.005414377017,1.0
95323,6.89,5974.85987249494,24320,"10,0",3098.36490422683,40.0
95328,8.07,260.599019786957,27230,s,61.2075371089319,2.0
95331,1.92,79.4157894736842,24850,s,18.3993329957447,1.0
95341,6.53,152.395987360912,31230,s,38.8397338072233,2.0
95348,8.5,213.758398734257,30040,s,47.9039340196884,3.0
95351,11.33,4182.67112872561,22230,"14,0",2880.73070924687,25.0
95352,20.49,1999.0,27170,"7,0",1022.24317168107,12.0
95353,6.79,722.438981086231,28150,s,189.740396062923,2.0
95355,14.02,2441.31560205754,23080,"12,0",2120.58794572602,29.0
95365,7.0,276.572105624921,27320,s,63.9539718967844,2.0
95369,0.72,1193.64702739096,30810,s,817.40455933888,9.0
95370,8.26,1326.34581921985,26030,"7,0",1648.98115159068,12.0
95371,8.62,2111.30081436167,26090,"7,0",2172.08634456697,14.0
95379,6.55,77.0098522167488,28270,s,13.4671829603937,1.0
95387,2.78,27.0,s,s,12.7661882343225,1.0
95388,3.68,2196.42229667882,25630,"6,0",873.705689653644,16.0
95392,5.31,2087.0,26790,"7,0",599.078776648078,13.0
95394,11.17,3719.05314606923,25700,"10,0",2254.44475648197,22.0
95395,6.64,329.620209490978,26480,s,104.85068097469,4.0
95409,1.46,508.112997503731,27840,s,1267.82889661043,4.0
95422,4.97,154.97138264168,30020,s,30.5230595952248,3.0
95424,4.07,7552.02328014811,21240,"18,0",3733.61131926646,41.0
95426,2.84,1163.66315699862,32340,s,546.093750384858,11.0
95427,2.91,5281.86163776516,20480,"22,0",2122.64624492593,30.0
95428,5.37,9040.19876007095,27690,"11,0",4168.57046257206,67.0
95429,7.15,161.750157053986,27100,s,50.8881049171966,3.0
95430,3.84,1431.42574770135,27640,"5,0",1443.35791660105,9.0
95436,2.45,617.252336850404,27660,s,179.252853156097,3.0
95438,4.75,44.0,25730,s,17.9288059565011,0.0
95445,6.68,276.939351014572,28050,s,55.1516974733185,2.0
95446,13.46,770.325256641964,29650,s,328.714732515662,6.0
95447,2.96,95.7636363636364,27280,s,10.1504749084622,2.0
95450,4.25,915.779482654948,31970,s,1113.64552009965,7.0
95452,3.2,349.066657340812,27840,s,61.5373595694735,2.0
95456,3.79,261.197493346208,27020,s,76.7723121795078,2.0
95459,7.65,267.094547591695,26670,s,401.910976393469,4.0
95462,11.98,132.689098306166,27870,s,36.2660077887327,2.0
95476,12.52,6183.79480924807,25550,"12,0",8405.76775380754,85.0
95480,9.2,2126.0,27930,"6,0",666.365199507268,14.0
95483,5.46,196.803454748498,28590,s,72.3512836533806,3.0
95487,5.14,5166.37642105469,18990,"22,0",3958.67946345107,33.0
95488,9.21,3636.16353020938,22950,"14,0",3070.58307494487,16.0
95489,4.08,263.538027359832,27240,s,221.950995155213,4.0
95491,2.69,3454.87979216338,28240,"7,0",1394.19895992341,17.0
95492,4.1,34.659793814433,s,s,31.4306080979895,0.0
95493,0.9,60.0,25730,s,21.0173538087293,3.0
95500,7.15,13671.3565196023,21580,"19,0",14698.9543589689,140.0
95504,9.95,1526.41028131113,28870,s,561.04112512797,10.0
95509,5.11,1337.0,25830,"8,0",316.475631491931,5.0
95510,5.64,196.772316178196,26740,s,863.185230851023,3.0
95523,4.61,199.163016246257,25650,s,353.943299445876,6.0
95527,14.09,1299.8944112666,24690,"10,0",73317.7953204028,32.0
95529,4.74,345.901365843751,28830,s,67.2083957842762,3.0
95535,10.53,444.344620222255,29180,s,122.527432919268,2.0
95539,6.0,5709.82840868267,24150,"13,0",3230.6645283193,36.0
95541,12.18,337.317284071165,22430,s,113.570086491224,4.0
95543,3.89,95.797520661157,27090,s,21.658844946213,2.0
95554,13.18,370.0109975245,29250,s,59.3513288237295,4.0
95555,2.42,8932.04878439223,23520,"16,0",3823.33900798335,50.0
95563,5.24,6613.28761218406,28020,"9,0",2950.97287710651,44.0
95566,13.23,971.0,25330,"8,0",421.380700759366,8.0
95572,12.21,10039.0879050185,20810,"20,0",20114.6128617336,90.0
95574,7.93,2752.19894233019,30640,"7,0",936.595471261731,16.0
95580,7.66,915.753168065298,34650,s,1305.06210999559,7.0
95582,4.78,10692.2527727387,23550,"16,0",4938.02027926382,62.0
95584,5.34,255.132689203833,29060,s,49.4446739864424,2.0
95585,8.45,19611.8740278252,16380,"33,0",14533.5016633961,208.0
95592,11.28,528.796953539207,29960,s,184.584789426666,4.0
95594,1.7,438.0,28230,s,75.3664845616307,2.0
95598,3.98,7377.90562818361,25410,"12,0",3612.50557298648,47.0
95604,5.38,1686.5627383251,23080,"12,0",1564.52193930408,10.0
95607,10.48,10639.1406188733,24800,"11,0",7279.72906680554,76.0
95610,7.58,115.552673894282,31150,s,102.108855025974,1.0
95611,4.97,21.2,s,s,3.35555555555556,1.0
95612,3.94,1674.66598646597,22310,"16,0",1744.18648599112,10.0
95625,10.98,519.062833416665,27800,s,246.110171412573,6.0
95627,7.6,239.862692187159,31890,s,92.1630100540748,5.0
95628,4.59,535.0,28210,s,172.802567116476,2.0
95633,0.09,39.7878787878788,23190,s,103.484709834026,1.0
95637,3.46,5976.76306787906,24420,"11,0",1931.2054258887,31.0
95641,8.18,1032.74768661541,25300,"10,0",1144.78476692826,4.0
95651,4.3,418.371732539275,25460,s,127.200900144923,4.0
95652,8.19,2187.71156794936,27100,"7,0",854.51522231452,21.0
95656,3.76,174.119129187363,27710,s,31.0889007221391,4.0
95658,6.56,425.940521334954,30070,s,581.523795877858,9.0
95660,1.89,294.953525312903,29030,s,136.819679648627,2.0
95675,5.61,591.088220496748,24770,s,505.44816130445,2.0
95676,8.25,204.893576265697,28010,s,79.7739483265898,2.0
95678,9.82,350.688269855421,30770,s,91.0410030200633,4.0
95680,7.3,9793.30597866619,15950,"35,0",5109.3222882382,87.0
95682,3.26,73.5238095238095,24730,s,31.251311443033,0.0
95690,8.37,148.027771840293,31200,s,43.5115175270531,2.0
